[
  {
    "id": 1,
    "url": "https://rp55.xyz/app/akoo_2024_04_V2/shopify/shopify_product_delete.php",
    "minute": "2",
    "logs": [],
    "name": "In Shopify Product Deletion",
    "description": "In Shopify Product Deletion"
  },
  {
    "id": 2,
    "url": "https://rp55.xyz/app/akoo_2024_04_V2/shopify/shopify_productentry.php",
    "minute": "1",
    "logs": [],
    "name": "Product Entry in Shopify",
    "description": "Product Entry in Shopify"
  },
  {
    "id": 5,
    "url": "https://rp55.xyz/app/akoo_2024_04_V2/shopify/shopify_productimages.php",
    "minute": "5",
    "logs": [],
    "name": "Product Image Update",
    "description": "Product Image Update"
  }
]